MAE,R2
2620.395496119409,0.8755569228786257
