MAE,R2
2974.5187787867303,0.8537778570520063
